Epoch,Training Loss,Validation Loss
4100,1.6346304416656494,1.653285264968872
4200,1.6072988510131836,1.6498286366462707
4300,1.5496153831481934,1.644532895088196
4400,1.567582607269287,1.6404210925102234
4500,1.5322966575622559,1.6358982801437378
4600,1.5634818077087402,1.6340145230293275
4700,1.61033296585083,1.6310248970985413
4800,1.7274045944213867,1.6274788498878479
4900,1.4977262020111084,1.6263155698776246
5000,1.5613632202148438,1.624614131450653
